Handle,Title,Body (HTML),Vendor,Type,Tags,Published,Option1 Name,Option1 Value,Variant SKU,Variant Grams,Variant Inventory Tracker,Variant Inventory Qty,Variant Inventory Policy,Variant Fulfillment Service,Variant Price,Variant Compare At Price,Variant Requires Shipping,Variant Taxable,Image Src,Image Alt Text,SEO Title,SEO Description,Variant Weight Unit,Status
camiseta-basica-blanca,Camiseta Basica Blanca,"<p>Camiseta de algodon peinado, corte regular, cuello redondo. Ideal para todos los dias.</p>",Laboratorio de Stacks,Camisas,"Camisas, ficticio",TRUE,Talla,S,CAM-001-S,300,shopify,10,deny,manual,45000,,TRUE,FALSE,,,Camiseta Basica Blanca,"Camiseta de algodon peinado, corte regular, cuello redondo. Ideal para todos los dias.",g,active
camiseta-basica-blanca,,,,,,,Talla,M,CAM-001-M,300,shopify,10,deny,manual,45000,,TRUE,FALSE,,,,,g,
camiseta-basica-blanca,,,,,,,Talla,L,CAM-001-L,300,shopify,10,deny,manual,45000,,TRUE,FALSE,,,,,g,
camiseta-basica-blanca,,,,,,,Talla,XL,CAM-001-XL,300,shopify,10,deny,manual,45000,,TRUE,FALSE,,,,,g,
camiseta-estampada-hello-world,Camiseta Estampada Hello World,<p>Camiseta negra con estampado minimalista de la clasica frase de programador.</p>,Laboratorio de Stacks,Camisas,"Camisas, ficticio",TRUE,Talla,S,CAM-002-S,300,shopify,11,deny,manual,59000,,TRUE,FALSE,,,Camiseta Estampada Hello World,Camiseta negra con estampado minimalista de la clasica frase de programador.,g,active
camiseta-estampada-hello-world,,,,,,,Talla,M,CAM-002-M,300,shopify,8,deny,manual,59000,,TRUE,FALSE,,,,,g,
camiseta-estampada-hello-world,,,,,,,Talla,L,CAM-002-L,300,shopify,8,deny,manual,59000,,TRUE,FALSE,,,,,g,
camiseta-estampada-hello-world,,,,,,,Talla,XL,CAM-002-XL,300,shopify,8,deny,manual,59000,,TRUE,FALSE,,,,,g,
camisa-oxford-azul,Camisa Oxford Azul,"<p>Camisa manga larga de tela oxford, cuello con botones, azul cielo.</p>",Laboratorio de Stacks,Camisas,"Camisas, ficticio",TRUE,Talla,S,CAM-003-S,300,shopify,5,deny,manual,89000,,TRUE,FALSE,,,Camisa Oxford Azul,"Camisa manga larga de tela oxford, cuello con botones, azul cielo.",g,active
camisa-oxford-azul,,,,,,,Talla,M,CAM-003-M,300,shopify,5,deny,manual,89000,,TRUE,FALSE,,,,,g,
camisa-oxford-azul,,,,,,,Talla,L,CAM-003-L,300,shopify,5,deny,manual,89000,,TRUE,FALSE,,,,,g,
camisa-oxford-azul,,,,,,,Talla,XL,CAM-003-XL,300,shopify,5,deny,manual,89000,,TRUE,FALSE,,,,,g,
polo-pique-negro,Polo Pique Negro,<p>Polo de tela pique con cuello clasico y tres botones.</p>,Laboratorio de Stacks,Camisas,"Camisas, ficticio",TRUE,Talla,S,CAM-004-S,300,shopify,7,deny,manual,69000,,TRUE,FALSE,,,Polo Pique Negro,Polo de tela pique con cuello clasico y tres botones.,g,active
polo-pique-negro,,,,,,,Talla,M,CAM-004-M,300,shopify,6,deny,manual,69000,,TRUE,FALSE,,,,,g,
polo-pique-negro,,,,,,,Talla,L,CAM-004-L,300,shopify,6,deny,manual,69000,,TRUE,FALSE,,,,,g,
polo-pique-negro,,,,,,,Talla,XL,CAM-004-XL,300,shopify,6,deny,manual,69000,,TRUE,FALSE,,,,,g,
gorra-snapback-negra,Gorra Snapback Negra,"<p>Gorra plana con cierre ajustable, visera rigida y logo bordado.</p>",Laboratorio de Stacks,Gorras,"Gorras, ficticio",TRUE,Title,Default Title,GOR-001,300,shopify,30,deny,manual,39000,,TRUE,FALSE,,,Gorra Snapback Negra,"Gorra plana con cierre ajustable, visera rigida y logo bordado.",g,active
gorra-trucker-roja,Gorra Trucker Roja,<p>Gorra estilo trucker con malla trasera transpirable. En oferta.</p>,Laboratorio de Stacks,Gorras,"Gorras, ficticio",TRUE,Title,Default Title,GOR-002,300,shopify,18,deny,manual,35000,42000,TRUE,FALSE,,,Gorra Trucker Roja,Gorra estilo trucker con malla trasera transpirable. En oferta.,g,active
gorra-beisbolera-azul-marino,Gorra Beisbolera Azul Marino,<p>Gorra curva de algodon con correa metalica ajustable.</p>,Laboratorio de Stacks,Gorras,"Gorras, ficticio",TRUE,Title,Default Title,GOR-003,300,shopify,22,deny,manual,45000,,TRUE,FALSE,,,Gorra Beisbolera Azul Marino,Gorra curva de algodon con correa metalica ajustable.,g,active
cadena-eslabon-plateada,Cadena Eslabon Plateada,"<p>Cadena de acero inoxidable con eslabones planos, acabado plateado.</p>",Laboratorio de Stacks,Cadenas,"Cadenas, ficticio",TRUE,Talla,50 cm,CAD-001-50cm,300,shopify,8,deny,manual,75000,,TRUE,FALSE,,,Cadena Eslabon Plateada,"Cadena de acero inoxidable con eslabones planos, acabado plateado.",g,active
cadena-eslabon-plateada,,,,,,,Talla,60 cm,CAD-001-60cm,300,shopify,7,deny,manual,75000,,TRUE,FALSE,,,,,g,
cadena-cubana-dorada,Cadena Cubana Dorada,<p>Cadena estilo cubano de acero con bano dorado. Pieza ficticia de demostracion.</p>,Laboratorio de Stacks,Cadenas,"Cadenas, ficticio",TRUE,Talla,50 cm,CAD-002-50cm,300,shopify,5,deny,manual,120000,,TRUE,FALSE,,,Cadena Cubana Dorada,Cadena estilo cubano de acero con bano dorado. Pieza ficticia de demostracion.,g,active
cadena-cubana-dorada,,,,,,,Talla,60 cm,CAD-002-60cm,300,shopify,5,deny,manual,120000,,TRUE,FALSE,,,,,g,
cadena-con-dije-de-ancla,Cadena con Dije de Ancla,"<p>Cadena fina con dije de ancla, acabado plateado.</p>",Laboratorio de Stacks,Cadenas,"Cadenas, ficticio",TRUE,Talla,45 cm,CAD-003,300,shopify,12,deny,manual,65000,,TRUE,FALSE,,,Cadena con Dije de Ancla,"Cadena fina con dije de ancla, acabado plateado.",g,active
buzo-con-capucha-gris,Buzo con Capucha Gris,<p>Buzo de felpa afelpada con capucha y bolsillo canguro.</p>,Laboratorio de Stacks,Buzos,"Buzos, ficticio",TRUE,Talla,S,HOD-001-S,300,shopify,5,deny,manual,129000,,TRUE,FALSE,,,Buzo con Capucha Gris,Buzo de felpa afelpada con capucha y bolsillo canguro.,g,active
buzo-con-capucha-gris,,,,,,,Talla,M,HOD-001-M,300,shopify,3,deny,manual,129000,,TRUE,FALSE,,,,,g,
buzo-con-capucha-gris,,,,,,,Talla,L,HOD-001-L,300,shopify,3,deny,manual,129000,,TRUE,FALSE,,,,,g,
buzo-con-capucha-gris,,,,,,,Talla,XL,HOD-001-XL,300,shopify,3,deny,manual,129000,,TRUE,FALSE,,,,,g,
buzo-cremallera-negro,Buzo Cremallera Negro,"<p>Buzo con cremallera completa, bolsillos laterales y puños elasticos.</p>",Laboratorio de Stacks,Buzos,"Buzos, ficticio",TRUE,Talla,S,HOD-002-S,300,shopify,3,deny,manual,149000,,TRUE,FALSE,,,Buzo Cremallera Negro,"Buzo con cremallera completa, bolsillos laterales y puños elasticos.",g,active
buzo-cremallera-negro,,,,,,,Talla,M,HOD-002-M,300,shopify,2,deny,manual,149000,,TRUE,FALSE,,,,,g,
buzo-cremallera-negro,,,,,,,Talla,L,HOD-002-L,300,shopify,2,deny,manual,149000,,TRUE,FALSE,,,,,g,
buzo-cremallera-negro,,,,,,,Talla,XL,HOD-002-XL,300,shopify,2,deny,manual,149000,,TRUE,FALSE,,,,,g,
morral-urbano-negro,Morral Urbano Negro,<p>Morral impermeable con compartimento para portatil de 15 pulgadas.</p>,Laboratorio de Stacks,Accesorios,"Accesorios, ficticio",TRUE,Title,Default Title,ACC-001,300,shopify,16,deny,manual,95000,,TRUE,FALSE,,,Morral Urbano Negro,Morral impermeable con compartimento para portatil de 15 pulgadas.,g,active
pulsera-de-cuero-trenzada,Pulsera de Cuero Trenzada,<p>Pulsera de cuero sintetico trenzado con cierre magnetico.</p>,Laboratorio de Stacks,Accesorios,"Accesorios, ficticio",TRUE,Title,Default Title,ACC-002,300,shopify,40,deny,manual,35000,,TRUE,FALSE,,,Pulsera de Cuero Trenzada,Pulsera de cuero sintetico trenzado con cierre magnetico.,g,active
medias-deportivas-pack-x3,Medias Deportivas Pack x3,<p>Pack de tres pares de medias deportivas de algodon.</p>,Laboratorio de Stacks,Accesorios,"Accesorios, ficticio",TRUE,Title,Default Title,ACC-003,300,shopify,50,deny,manual,28000,,TRUE,FALSE,,,Medias Deportivas Pack x3,Pack de tres pares de medias deportivas de algodon.,g,active
gafas-de-sol-retro,Gafas de Sol Retro,<p>Gafas de sol con montura retro y proteccion UV400. Agotadas (para probar ese estado).</p>,Laboratorio de Stacks,Accesorios,"Accesorios, ficticio",TRUE,Title,Default Title,ACC-004,300,shopify,0,deny,manual,79000,,TRUE,FALSE,,,Gafas de Sol Retro,Gafas de sol con montura retro y proteccion UV400. Agotadas (para probar ese estado).,g,active
